2290343b-7880-4de1-bc48-a40dd5473dcb	https://sevenoaksarchery.com/
fc5cfb7e-9a21-4457-b6ca-5fbff3075d22	https://www.aplacetoshoot.com
27093d58-a7f2-49ac-848a-bfe93147b754	https://www.aplacetoshoot.com
49338e2f-112c-4496-a62a-c707b67d4a17	https://www.abilenebowhunters.com/
cd29ce74-74bb-4cd1-91ab-edd6c884025e	https://academyarcheryclub.org/
779d6a80-e025-44ae-97ba-c45af931adb3	https://www.acearchers.com
e32ae6c8-df82-4b7a-a83e-8d7fe780ec51	https://acesandarrows.com/
7c1c751b-266e-4af9-95c9-74e5ca336daa	https://www.adrenalinebowhunts.com/
3d039a57-4675-4d32-85a4-1f8bb8ed8aa8	https://adventuresarchery.com
c344b46b-52e0-4b1f-92e3-b8abbe4178ea	https://agexpopark.info
4153a98e-78ac-4397-8c1e-5e09a0b1fb20	https://alaskanbowhunters.com/
308e81e4-b886-4d12-a1b8-fb756a3be90b	https://algonquinarchers.com
a64dcfcb-5e4a-4929-a048-58f0b3c5b4c0	https://www.allthingsaccuracy.com/
bd2a91ea-f89f-4deb-925a-5ec5ac1f8a0a	https://www.alliedsportsmen.com/
f608833c-ca9e-4cc7-86f3-7b2e83474dae	https://www.amherstarms.com/
bef25081-4337-4691-a2a9-2d6c9c2c9489	https://www.anchorpointarcheryaz.com
d7375d5e-f530-4b1e-b69e-dbf05c518c34	https://andersoncountysportsmansclub.com
93534078-7113-4334-9e4f-3c039b6d17b1	https://woodlakeantelopearchers.com
c270467a-d9d2-4a1e-a8bf-90267c9133c9	http://www.antlerarchers.com
f89428b7-e81e-4330-954f-fefc241c4d3c	https://appalachianbowhunterchallenge.com
0a7b86e8-ad31-453a-992a-fede290c1d82	https://appalachianbowmen.org/
c3e2af84-c3df-4cb3-9f2f-0ee47e5f035a	https://archersartemis.com/
4e8adefa-d6ff-465c-b807-1e900f309526	http://www.archershaven.org
d6ac2c61-7b50-4bba-8f75-b06f2992ec5f	https://www.archeryeleanor.com
377b194c-900d-4822-bcdc-d9c603476522	https://www.austinarcherycountry.com/
e8b28ad9-8060-47c0-9540-70de5f84f61f	https://musiccityarchery.com/
982de492-5d06-4cfc-911b-1f29ba28419f	http://www.archeryhqmn.com
e90727c5-8a36-4874-8da4-fad9f767fae2	https://www.archeryhouse.com
40ffa123-7607-432d-92a4-52d7c6a0618b	https://www.archeryhqtx.com
25e5678f-c691-459f-9156-3479d3f88a1e	https://casagrandeaz.gov/Facilities/Facility/PrepopulatedSearch?isReservableOnly=false&categoryIDs=2
8f03c4af-7a5b-49f4-9c4e-a9a974391330	https://archeryschooloftherockies.com/
c52e24e2-ae5c-461a-ba5a-da39168a42c1	https://archeryshoppenm.com/
24bf8e1e-12b0-4322-9a66-c5935619ed56	https://archerytraditionsok.com/
dfca25a7-e9e8-4b2b-8978-bab1447ac432	https://www.areaarchery.com/
6aef00a1-52de-45cf-b5b7-fdb1e3d57a63	https://www.abfaa.info
67146bf5-92a3-40c8-9569-e398ea77f784	http://www.azjoad.com
1a76a544-3814-4b6b-80c2-b8421ec02963	https://www.ezfletch.com
ad9ddf3e-f467-44cb-b32c-3c0ce0705e8b	https://www.arjunarcheryacademy.com/
8458804e-c8ed-41a7-a1ed-7ad6f438c25f	http://www.arrowdynamicarchery.com
dc118831-8710-4095-8b0b-92a942d3221f	http://arrowminded.co
bb6e8e8e-50e3-470b-b87e-939e0de9c786	https://jimcoxarcheryshop.com
b26ffad0-3e44-4bf0-98d8-932ef4c175e9	https://www.jolietarcheryclub.org
4bb52351-374e-4174-ad1b-f3a4f12761ec	https://joacoflouisville.usarchery.org/
ffa9de57-0403-4c4a-8e6a-10bc8aa51705	https://karcheryclub.usarchery.org/
b241f081-d40c-486e-9de2-b01be5b0df46	https://kbh.wildapricot.org/
407108c1-76e7-4060-b171-606b165ada8d	https://www.kenaipeninsulaarchers.org/
360d8f93-e944-42fe-8ac9-415f2434065f	http://www.kennesawarchery.org
68478130-49c8-4b97-b5f9-c20ad46c3fc7	http://www.kenoshabowmen.com
0fbcb249-8882-4396-b951-d461d9b1e051	https://davidryanmesser.wixsite.com/ky-elite-archery
4f2790ff-cb0d-4dac-8e38-5cfa639133ca	https://www.keoweebowmen.com/
a2202362-114c-467f-8567-615d45157865	https://www.killshot-outdoors.com/
a23a6b9c-1c0b-4e63-a34e-df27e18cdf11	https://kfga.net/
fd1af924-4f93-48a3-985d-778ec1a12ed3	https://www.alaska.org/detail/kincaid-archery-range
e2930730-3f6f-480a-89c8-af84204c896f	https://www.kingsmountainarchers.org/
8a0b8398-5a9f-4e91-bce5-5cc23c6abab4	https://kingsborobowmen.wixsite.com/kbva
472636ea-69e6-4940-a5fd-9aa3d4fd3362	http://kishwaukeearchers.org
2d476e11-333a-4e69-ae5e-093b7bd9b5a5	https://klamathbasinarchers.com/
a50fa617-3ac7-4842-9b99-a85aab5c39fd	https://joyleearcheryacademy.com/
0bfe5dfb-98ba-43df-8f90-507d9ba8845b	https://mdc.mo.gov/discover-nature/places/labenite-park-sugar-creek
827c4da7-1e11-4ea0-86cf-87e36ed363b7	https://lagunawoodsvillage.com/amenities/clubs/archery-club-laguna-woods/
92f1172c-cd90-4ec7-894d-f0b24e90ae95	https://hcfl.gov/locations/lake-conservation-park
55cf114a-90b5-452b-8e2a-7e11f1355211	https://poway.org/403/Archery-Range
0d3a8121-c7b8-48b1-9d1d-8b04aa8eabb4	https://www.adventureslaketahoe.com/archery
517e5e49-e805-4f0d-985a-57b8342d12a7	http://www.lakepointsports.com
efcf0c31-904e-4d67-846a-88a376cbcceb	https://www.lampreyriverbowhunters.com/
bfbce6c7-ccc2-434f-bbef-2e574ba58749	http://www.lanoakparkdistrict.org
6db3b837-a3c1-481d-b1d7-482c6e4e1efb	https://www.lancasterarchery.com
ecb9cedb-5124-45f6-9ff6-8c53aeb5fcff	https://www.lancasterarcheryacademy.com/Academy-JOAD-Club
068efad9-9b97-4e2c-8dfd-12a98872014b	http://www.landolakesbowmen.com/
15f0a97f-4623-401d-9af1-38e437871055	https://www.makeyourdayhere.com/Facilities/Landahl-Park
c5e6fb6f-6aa5-49f3-9e9f-913bc72b29e6	https://langhornerodandgun.com/
1273c6f9-ab07-4cf5-a31d-1cc89f058fca	http://www.lasvegasarchers.net/
43c35cfc-9c49-4664-9847-fa8d741bd90f	http://4245 S Vernal Ave
b83b2af8-79f7-450d-b436-22037af05357	https://www.leecountyarchers.com
4a874095-ab6d-49c7-9630-ea21c09a2585	https://www.legacyarcherydfw.com/
a0978c1d-f521-4805-af4f-061d1aac39f7	https://www.legacyarcherydfw.com/
089b889f-f3b7-408e-b9c3-09b6b8f37e26	https://leipsicfishingandhunting.com/
4fa035f5-a24c-4d80-84ca-a8eebfda06fc	https://www.lekatchkaarchers.com
311beeed-ba89-446c-819c-10ade60233b4	https://www.leosjoad.com/
0cb9ffff-9dc9-4d3b-9a5d-d8c8e0081ca3	https://www.lsa-ma.org/committee.cfm?id=1
af529970-c176-4c64-a015-0b82e42b37b3	http://GilbertArchery.com
9aa1e328-ffdb-4a7a-b058-72e3df09bdf1	https://www.gk1996.club/en/home
e08d222a-7304-42c6-98eb-ef1e23207687	https://www.glissonsarchery.com
2adaff23-d1fd-49dd-9227-7503baf56bcb	http://www.goldcoastarchersclub.com
547b9ac5-c38d-41a5-8b0d-664b349c2a28	http://www.goldngrain.com
da356d5f-5ebf-48ec-91b6-82ca38c3af76	http://www.archery-club.org
bcc75e06-011e-42e9-bf1c-c1ba31abe991	https://www.facebook.com/goldeneaglefieldarchers/
a983791e-2f9b-4940-aca4-24b9b0795057	http://www.goldengatejoad.com
9334e65b-cfd0-463b-9a42-3564ff3019a6	https://ghcarchers.org/
ee862a50-1312-4565-b289-b2712f5688e6	https://goldennortharchery.com
896cdefc-33cf-4fe1-82ed-6577bfb3b535	http://www.wildernessjoad.com
3da6af54-0e73-465d-942d-ea0f27798c38	http://www.gothmarcherybr.com
1b04aa70-c070-44ba-b5fd-3ed2ec96e2c6	https://www.got-archery.com/
22355b64-6232-4e72-8152-e7ecf563fa43	https://www.got-archery.com/
5a4246be-d7f8-4e41-b6c9-487d864b0987	https://gcfga.org/
178e7c79-6395-48ba-9ad4-0770bd5d8e22	https://granbybowandgunclub.com
989db56e-759f-454a-8faa-327f55fa60f6	https://www.grandcountyarchers.com/
1eeb275a-a70a-4dca-93d0-af63fdedbcac	http://grandmesabowmen.com/
1fc2ebc5-6f32-4e65-915b-ed0e146fd30d	https://www.granderondebowmen.org/
05e2dbf9-bbf9-4567-9ea5-8fea6d63e1da	https://www.granitemountainarchers.org
39c97ba6-65a3-4a9f-853f-c8cbf234e5a6	http://www.GraysHarborBowmen.com
9052ba13-de5d-44cb-92b2-f51831c64a9f	https://greenupcountywildlife.com
cd76a509-d157-4849-9462-d64fc8d7cfa2	https://www.gregoryarchery.com/summer-camps
2e9bf9a0-f7ee-4f45-942b-f22ef6e9f42d	http://gritcityarchery.com
268f374e-170e-41df-9f4a-38b9c14c1330	http://www.groundzeroarchery.com
9266e8dc-ba6c-4e39-9caa-9d9c371e719a	http://www.groundzeroarchery.com
17b49529-ee38-4f69-aff9-62809c713d63	http://www.gryphonfencing.com
2a41cf3a-7722-4aa7-8afc-f01566610881	https://guanhoha.net/
3f8831b8-cd25-4716-9864-cbbe26a9fc3b	https://www.guntry.com/
23c8a981-f77b-46f7-8768-c6a5bb199036	https://www.hallsarrow.com/
7caea186-6e79-4598-8025-10fd0c03575f	https://www.summitmetroparks.org/
71570d40-eadb-4b94-bdeb-6f64da76fdcf	https://hartfordgunclub.com/
a3dcb6ba-d6dd-4815-85e7-23cf615125f1	http://www.harvardsportsmensclub.com
162ad43b-e1a1-4c5c-bfe1-e18eb6ba176d	http://www.harwintonrodandgun.com/archery.htm
de82225c-4657-437c-ace4-0c9975a20d9b	https://www.heart-md-bowhunters.com/
a0e76e5f-7131-4087-9d5c-659b5906dd1b	https://www.igniteathletics.org
10abfcf1-fda1-4087-be08-cd2546985e36	https://www.hemlockarchery.com/
0a331411-ab26-4d91-b158-2c252520fa12	http://heritagearcheryacademy.org
60cd9f33-8290-4415-bedc-86c4f78c0d63	https://htarchery.com/
2a229640-c2f4-4446-9078-2f94ba414cdb	http://www.hickoryridge3d.com
73e89426-9d59-48bc-9bd5-0162be78c833	https://wsclub.org
14c162cf-a09b-4697-85cc-a596023e98fe	https://waukeganbowmen.com/
085a1a64-323a-44e7-9bd6-19c92a3c61f8	http://wayofthesword.org/archery
4574997a-d927-40d1-a457-5f93eac873fb	https://www.wcwshootingsports.org/
79801391-cc4a-41a7-9c92-e38d6589c97d	http://www.westallisbowmen.com
13a2a6be-76a9-43d9-b995-e8dda63a208c	https://westfallscsny.org/
ab712cc2-ed83-483c-8654-2ed39d836dd9	https://wgrg.org
fc2d7d5e-7b84-473c-8989-e2a633052c76	http://wmarchery.org/
a561bb29-9f9f-4160-83b3-7edd5187309b	http://westtownarchery.com
b84b84fd-4539-4560-9f75-ddc31abc7376	https://westvalleybowhunters.com
563a6b8a-8836-46b8-9640-1ff26a466048	https://wwsc.org/
6c35e772-5a24-4fdc-811a-f3a207f2d88a	https://www.cityofmesquite.com/3436/Westlake-Sports-Center
875b0de1-0fd2-4f48-824b-23f5ee295250	https://www.weymouthsportsmensclub.com/
f4b968db-4c1f-49c1-8c0e-d0816ce563fe	http://wheatonrifleclub.org
ddbfe3a4-4549-4cb6-b43d-e47fe780b356	https://www.whiteriverbowhunters.com
c3451579-4c55-40d9-9f9b-ca821b4eed01	https://whitetailbowmen.com
c18e7336-a418-492c-8093-81e7cd8983eb	https://wilcox-joad-archery-club.square.site/
b83d63cd-fb9f-44a4-a656-c1f6d4fddc55	https://wildernessarchery.com
c6ef1afe-d9f5-4847-a8f4-177414425013	https://www.wildwoodarchery.com
7b69edcf-fa78-4cad-97af-51e395dd5f47	https://willowcreekarchery.com
1a40fe28-9b70-4cd3-ad2a-d2c70f4dd6ba	https://www.wingfootbowhuntersclub.com/
404dcae4-9e2f-4992-9f01-2d9939b0cb68	https://wotoad.com
18c262cd-8746-4acd-9509-457907e9b017	https://www.wopena.net
7bce1b16-ddae-4722-aaf8-43cd5739be90	http://wolfridgearchery.org
4a9869f3-40ab-4543-9c34-5cba8d8ded0f	https://www.wolfrunbowhunters.com
faa7d6c6-18de-4691-aef6-79e72930332c	www.woodlakeantelopearchers.com
e41c5c9f-88d0-4231-8878-f36a83ba0829	http://www.woodleyparkarchers.org
52a7050c-f453-49b0-a520-cad39e797fd9	https://www.facebook.com/WVABA/
50c929cd-f699-417d-8a82-3e2569ef4cb4	http://www.wyliekarate.com
f7488f80-e1ca-4433-bb55-9271bec28d9c	https://wacshooting.com
118b5bcc-7554-46a1-a12a-d11e3e3c324c	https://www.x10academy.com
25286725-43d8-4fc6-a8a1-61280ad49eda	https://www.x10academy.com
7f543134-d03f-4e54-90d1-98fe63e8bfbe	http://www.x10archery.com/home-1
60928ff5-33a9-4c21-bff0-8ba744d31309	https://xat.usarchery.org
6143335c-7df8-44df-87aa-ca9cce8117b8	http://www.xspotarchery.com
a88d789d-63bd-4980-b000-ae3fe28307ea	https://www.yahibowmen.com/
07330743-c16e-473e-a600-6aecc570d1fa	https://yolobowmen.net
52066b07-153e-4db3-9b8e-b27ac71dfedf	https://www.clevelandmetroparks.com/parks/visit/parks/brecksville-reservation/york-road-archery-range
6b5930f2-af3b-4e77-8431-fbbf47d42ec1	http://www.shootyssa.org
5988ed09-32c3-4f19-aab9-e5f6191ad0b0	https://zimmermanarcheryclub.teamapp.com/
9fcff797-0707-4cf8-b605-6b589ddfdade	http://www.wagonwheelcowboychurch.org/arrows-for-christ.html
af81d804-4348-4cb2-8832-f0c061c8ce87	http://flemingarchery.com
2b317b47-c120-496e-8ad2-0574f4c2bd28	https://www.facebook.com
e0a34f6b-939a-46a3-9478-a56968b567c9	http://Ascensionarchery.usarchery.org
bdb52e19-eabb-4e0e-ab76-3834f60a4949	http://www.ashevillearchery.org
f5d595e8-08a2-4c3d-802b-0a47f4deee49	http://www.ashevillenc.gov/parks
7ea657aa-838f-4ab4-b474-61d8a93bffca	http://aslanarchery.com
d4cd48c7-bce7-4609-9dcc-e77c9bb18a4a	https://www.folksyfarmsteadvtx.com/home-on-the-range
aacd5f2b-b2b7-497e-a12e-603ddbc6df3f	http://www.athensarch.com
01c3d3b0-30ed-427b-a639-c7e6d08419cc	http://atlantaarchery.club
683e130b-e8fc-4cd3-b765-1002d6a51a53	http://www.atsqueobowmen.com/
f1bd94a8-8bd5-45e6-9430-4e8aa591db15	https://www.augustaarchersva.com/
ef725fb2-e03c-46ae-831d-5213df50200c	https://averagejoesarchery.com/
9850f9a2-8c78-4f11-8bf2-726860047c01	http://www.averagejoesjoad.org
4503935f-5550-467a-b299-97be9c499e16	http://applevalleygunclub.com
1e3cdb6a-cc5d-471f-87ea-e9b2502b3c7e	http://www.thearcheryhut.com
53cc3a7c-a981-42d0-887c-3567165f1a86	https://www.bkarcheryjoadclub.com
b089a4b4-3481-48cc-8488-25f5f9a3fab6	https://balegend.com
09a1fa49-12c1-40d0-b0d5-eb908e2b8f15	https://www.turrasbackroomarchery.com
e46cdaa8-b867-4020-8919-2abe11273ae1	https://bakcoujoadclub.usarchery.org
b62a4680-d961-43dc-8844-9a4ccfc4872c	https://barefootarchery.com/
9f306f76-1328-4550-8c5d-c8954a69f9d7	https://cpw.state.co.us/placestogo/parks/barrlake
6450d7cb-b6bf-4999-bf1b-5656e8719e86	https://bassandbucks.com
8f471dbb-aa53-4c87-9f2f-556531d585c8	https://www.bates-farm.com
c605cce9-6d2f-43eb-bf43-88425e363327	https://www.baycitybowmen.com/
627277f6-c231-42b4-9465-2a94770ce079	https://bayoubowmenarchery.club/
af0d267f-3970-4b5e-b120-43d39fe98443	https://www.beararmstac.com
f9b75315-ec03-4d88-ac10-3792c1e15569	https://www.bearcreekarchery.com/
bae160bc-719e-4af6-9a36-99cb6b0e176f	https://www.bearcreekarchery.com
3a22623d-6db1-4627-a80b-e4065259fb67	https://bearriverarchers.wordpress.com/
adc004d7-2d85-4e2a-9c62-3f21d941ff50	https://bearstatebowhunters.com
5cc8a0df-a074-4180-873b-5d14406bcba1	http://beavervalleyarchers.com
94bc6cd9-45b9-4fde-8792-10cbdfa8c926	http://www.beehive-wasatchbowhunters.com/
1b7f63b5-7dac-4294-a6fc-5cda20c1ed4b	https://bellatormentium.usarchery.org/
8fc3f1b3-1a24-4bb7-a44b-9480a2151fbd	http://www.beloitfieldarchers.com
e54f68fd-18e9-4458-8b34-cf5f6eb6a351	https://belvoirbowhunters.com/
1b136807-caab-4eb1-adde-71b648d8e994	https://www.azgfd.com/shooting-sports/ben-avery-shooting-facility/archery-range/
db3931bd-e05e-4d17-abc9-1306a1774a46	https://www.azgfd.com/shooting-sports/ben-avery-shooting-facility/
ddf073ed-d8b0-4c68-88ac-3cee007a4e62	https://www.azgfd.com/shooting-sports/ben-avery-shooting-facility/archery-range/
93c0ff76-7526-4a0b-9f1a-f3c1da154266	https://bendbowmen.com/
3689d10d-490f-4877-9736-75795baec997	https://crew50.org
6fc7d318-4fa1-48c5-a331-50e620f38ebd	https://crookedriverarchers.net
c02e14fd-f29b-46fe-b02c-aa9f5061b7fa	https://crossedarrowsarchery.org
05493944-4abf-40ba-a488-a90ef08e2aef	https://crowfootjoad.usarchery.org/
7726f2a6-25c6-4ac7-953f-01645f13892e	http://www.cubrunarchers.org
d0d890f6-54ee-416e-b9dc-d525a0dfeaf8	https://www.cucharavalleyarchery.com/
69ae38af-72ed-4b62-9cd8-54a0a073c96e	https://www.dakotarchery.com
4232718d-5daa-4fc8-b8d1-8cc0923db4ab	https://darkhorse-archery.com/
d33834da-839d-4ddb-8953-f6facb1ea6e7	https://www.darringtonarchery.com/
7028064e-be1e-4563-aa3b-43458f5fa1db	http://datusarcheryclub.com/
0d2ae19a-61f7-41bd-a4b2-65052261df40	https://davenportvalleyarchers.com
3bd77b70-c975-4c40-8ba3-415fee8de89f	https://daytonaarchersinc.com
ae02ed23-d814-4efd-b4bc-c4aa79e70b82	https://www.deepriverbowmen.com
48fa7497-57ed-43b0-b80f-f6d89b3f7792	https://www.delranjuniormarksman.com/
74f76b6d-7992-4282-ab9c-92f28a44f040	http://denversummitarchers.com
f1709abc-cd53-4954-b361-a3a002891eea	https://desertarchers.com
6b43fe48-db62-4736-aaf2-2672c2fe1b41	http://www.desertskyarchers.com
23a614f7-33ac-4618-8ee5-70eafe318c76	http://www.detroitarchers.com
8459a937-95e8-4963-b753-194549be6a15	http://www.dscweb.org
c3af322a-8030-49dd-aa0e-6e046a4c9612	https://diablo-bowmen.org
1f42a339-f59e-4d58-a416-b87e4a30fa47	http://www.doubletarchery.com/
d864c9e7-db16-47ec-96a8-2257c04474f8	http://www.droptinearchery.com
5fb1c988-4444-46a7-9273-d9ef74775b41	https://dropshotarcheryshop.com/
a6cb53a2-3001-4208-85d4-9c8926e95a28	https://dcwc.info/sports/archery
402fd57c-4e4d-4425-bef2-2e71c58a5882	http://eaglecaptraditionalarchers.wordpress.com/
9694e31d-7aa0-42ad-be8b-f9e3441a85b3	https://eastcentralilarchers.com
da474802-aecc-49ee-85fe-9c2d4d5d5d37	https://eastriverarchery.usarchery.org/
95ce8222-c87e-4914-a7f8-2b28d794b809	https://www.eastonarcherycenterofexcellence.org/
0dd90df3-935a-4dfd-b89d-0d036911bed8	https://www.eastonarcherycenterofexcellence.org
9d673e0d-4598-4ccf-8b74-94ddc828bdc9	https://eastonnewberryarcherycenter.org/
ac03b81b-d967-4b3e-bbfb-43883ae072e3	http://www.eauclairearchers.org
fb7b48ce-0137-4c1d-b74c-cbd84a8ec297	http://www.echovalleyarchers.com
cec51d39-8609-4671-9cf9-b001d5248c82	https://www.edwardsburgconservationclub.org/
7b67f07f-7754-4c1a-800b-97ae8d866547	https://www.effinghamcountysportsmanclub.com
2eae3c98-e534-4090-adfc-163aa026f6de	http://www.eldoradoarchers.com/
4ec431ab-468b-47c2-8f88-7d23123a9faa	http://www.eldoradohillsbowmen.com/
2942a574-cd7b-4aff-a6f3-190ab71820ab	https://elkhornarchers.com
725aa27d-e25d-4482-86b2-bbaef06c216c	https://elmfork.com/
7d4f2f45-a6c3-4e7c-a394-b963664b362f	https://enduringfreedomco.org
e3601f24-fbb9-41df-b48d-c27198358670	https://erosarchery.com/
151a691c-1dc2-431e-963f-1a1209583809	https://lewisandclarckarchers.org
5dff6be8-1c3a-4849-a3f7-91059174b8a6	http://www.lhyarchery.com
562cc3ba-296c-4f3c-b063-6a5e89860794	http://www.lilabnerfoundation.org
717e82e0-afe8-4bd0-ba14-2ccc05f2d096	http://www.lightsoutarchery.org
3ccd8d7f-5fc3-457e-8d38-61b25ec16f78	https://www.lincolnbowmen.org/
f39bef12-6265-4c8e-a00c-95cef995b594	http://lincolnparkarcheryclub.org/newsite/
01bd5c58-99b1-403f-875f-7d2b6cac4d94	http://lcsa.clubexpress.com
15efa3bc-1e9e-47f8-99be-87028def7766	https://livonia.gov/1406/Archery-Programs
0be6e732-b95d-44c5-baba-9cc2387781da	https://locustlakevillage.org/archery-club/
4a28a6fa-2e3e-4237-a0fc-85075a2fc013	https://lodiarchery.com
ad3ec102-9c88-4903-a996-49a83c6cd317	https://lodibowmen.com
036760a1-4cf2-439f-9103-9faf421664e1	https://www.londonderryfishandgameclub.com/
e25e93e6-b7a4-4837-8035-d502c0d0ed54	https://loneeaglebowmen.com/
d00f4744-18e1-472b-ba6a-e1fea4afc268	https://lonestarranchtexas.com
ec15e5e5-32e1-4b40-b6bf-c62878955a91	http://lbsac.weebly.com/
b934b2b1-45c9-423f-b986-b353cea3f288	https://tnstateparks.com/parks/long-hunter
b2f9e9b8-e3eb-45be-8f69-e8556106a4dd	http://www.lothac.com
e3404ac6-9bea-4e1d-ba69-430267d43fa4	https://lostarrowarchers.com/
dd7a330e-2a37-4c23-9590-857e1d41098d	https://www.lovettsvillegpa.org
9cde02b4-415e-425f-b2f4-0da3cffbb965	http://lowcountryadaptiveshooting.com
e417148f-67b1-4a13-a2b0-4e914c1af016	https://lprgc.org/
0902f1b9-e80d-4f4a-9ed1-10f091b121f3	http://www.lunenburgsportsmensclub.org
84fda70d-5f4f-4ceb-b727-d5c327ed22a1	http://sites.google.com/site/maderafieldarchers
57b6497a-b3d3-4b83-9790-6fe431c1fb36	https://sites.google.com/site/maderafieldarchers
1ea33692-2b2c-48c7-8db6-845377b27632	http://maineschoolofarchery.com
69cbbc2b-ba40-4efa-9a95-b093b1c28aa3	https://manahoacarchery.com
28981ac0-d82e-4da9-98e6-f896602b2c12	https://manistiquerifleandpistolclub.com/
99e88232-2bcf-424e-8a37-d86aef6fbffc	https://indyrange.net/
11a0f594-8062-4f01-846a-ab9a4c861222	https://mayaarchers.com
b7949529-7d55-46f6-92f9-e799e1b5c8f2	https://www.mcdonaldsportsmen.com/youth-archery
5db68b1f-2196-43be-ac21-97d80adcc788	http://www.cityofmchenry.org
6f763e33-8048-4172-9ffd-206872a9abbf	https://www.msa-pa.org/
e0ae415a-c5b6-435c-a55c-c1305e2b7c70	https://metrorgc.org
608844b8-dde7-4130-9ad6-e549508c2025	http://MichianaArchery.com
704e7713-34c6-44f5-b89d-dc8067517a75	http://www.midgaarchery.com
54364025-a22f-46d2-be8d-eb46c4f80c18	http://www.midiowaarchers.com
06315a01-d040-45b9-988e-7a180fca722b	http://www.midnebraskabowhunters.homestead.com
d2bb8065-bdfd-47bf-8ba6-ad7fe44dbcb0	https://mid-micheebowmen.org/
85a7ad6f-37f9-481d-a3d5-85c0d7e017f0	http://www.midlandsarcherycenter.com
7115737b-64c4-429f-892e-8b93e640abf4	http://millriverarchery.com
02945d29-3f9d-4e44-966b-53526a89ad4a	http://www.papagoarchery.com
ccf3d336-8953-4c73-a162-c07e04ec0e84	https://paradisebowhunters.org
6a9b0a53-01aa-4032-bfac-c778bbdb4ae5	https://www.parkcountyrodandgun.com/
8538736b-a58f-4abc-9e35-018fa3cb4667	https://mdc.mo.gov/discover-nature/places/parma-woods-shooting-range-outdoor-education-center
611c5538-eab9-4be0-aa9e-48765b5e9d1d	http://www.rovingarchers.com
75976b4f-6252-4332-a4ca-1b67a4f46bff	https://www.paseoarchery.org
219931bd-df9f-4d3a-bb1c-a514720dd2a1	http://www.pearlandarcheryclub.com
82c31aa4-b632-4334-9395-037415722680	http://www.penndelarchers.com
4c3e41ff-7a19-4260-992c-531cd4f07fe2	http://ancestortracks.com
86799600-b66b-48b7-82e8-4392ae0a5125	https://permianbasinarchers.com
a20b74f2-1c18-49f8-9b5c-2481e9959a2c	http://perrysarcherycenter.com
7290d715-f2ba-49ab-a342-9a09a7df45da	https://pinecitysportsmensclub.com/
bc3d3026-c6ac-4f0c-b76e-4ccde2b9c9d6	https://www.pinehillarcheryclub.com/
bdb5e25c-bd59-45c9-8a86-71a435668587	https://www.pineridgefarmtn.com/
44d0a9e7-94ed-487b-acd5-cb82428d185f	http://pineapplearchery.com
427d5307-27fa-4361-b223-cd2217e2e469	http://pineapplearchery.com
15935e49-5d60-467e-8864-ca7177769dd0	https://pinehurstarchery.com/
dfa809f7-209a-4e2f-a172-ce454b6d8cfc	https://www.pioneerjoad.org/
81809ca5-ce19-4e64-9e08-7e937a9a7204	https://pvarchers.com/
b5d45444-0e43-4966-b85f-8b21522cd100	https://www.pocatellofieldarchers.com/
3e97dbd5-e657-4b2d-b37d-20dbf5d35225	https://www.podiumjoad.com/
4230e153-d3f4-45bd-bcf5-507212c32b30	https://possumhollow4985.wordpress.com
855fe110-98f5-49cf-94b2-cda1235b4dcf	https://powdercreek.com/
308d37cf-e1e6-4c1d-bd9e-ba54bebc653d	http://www.poynettebowhunters.com
09f364cf-32d5-4f69-bde3-1ccc065cc0b6	http://www.prairiebowmen.com
e95b8255-f9e0-4973-98c5-ef176dbbe2ef	https://www.prccathletics.com/sports/archery/index
10a2f652-6b44-41f5-a25d-69dbc99f4f09	https://sites.google.com/view/predatorsarcheryjoadprogram/home?authuser=0
c9d33ef0-f033-4a14-9265-cd03ce2a7695	http://www.archeryny.com
a1cfbbdb-f042-42bd-a50f-7ad420178f65	http://pronghornarchery.homestead.com/
41b3650f-6785-4161-b6cb-1eb4010b3915	https://purduearchery.club
22136ea6-050f-48f8-a014-30e6c00c1a2c	https://www.questarchery.club/
c4eba92b-8d23-4ea2-adcc-44c4504572dc	https://3darchery.com
e862a177-59d8-4347-949c-ae6f7befec62	http://www.ribarchery.com
72e309d0-f818-4bad-96b0-a5908bc8d7c3	http://reconarchers.com
2af1328e-affc-4587-a975-070152f3cb1b	http://www.orecreekarchery.club
bd859e2b-c962-4b78-975b-a812ffdfb08a	https://reddawnarmory.com
dd76ba76-5288-4364-9e90-ed2cbf39d6f6	https://redriverarchers.org/
2f8c4c24-55cf-4351-b689-0072b269ddef	http://www.redriverbowmenarcheryclub.com/
6457cdec-f11f-4f3a-b37c-016946207d97	https://www.redrockbowmen.com/
ee29578b-155a-42c3-9d8f-84a3d89c270b	https://redwoodbowmen.org
b51a3c6d-de0c-4ae8-81fd-f96835aaa5ff	http://stlarcheryclub.com
fe2577c2-2caa-4e6b-aedb-11288365614e	https://www.stlbowhunters.com
d3d94412-61cd-4a89-b3b8-13d40cc95980	https://www.cyony.org/archery
e5bd3eb5-f4aa-48fe-b158-745b7a986578	https://sticksandstringarchery.com/
ac954f4a-a95f-4dd0-a719-7e6b369edbad	https://www.stobarchers.com/
aec38627-70a7-4481-b010-13fbfe9890a3	https://stockbridgesportsmensclub.org/
5ccf7822-05cb-49df-a3ed-fec26b640050	https://straight6archery.com
7a31c43c-dd37-4c0f-bd4f-262487f9428d	https://straightarrowbowhunters.com
8543855c-cb6e-405d-a7fd-644efc20a365	http://www.straightarrowbowhunters.com
52690c89-8425-4af8-af92-7e2b0ebbf5bb	https://straightarrowbowhunters.com
b4e91302-a865-44b6-9608-56f45869715f	https://straight-n-arrow-3d-archery.usarchery.org
8e3be518-41f5-4738-ab41-5b0b970aaeed	https://studioxarchery.usarchery.org
f99f28b1-c1b8-4528-8870-f3d2ddf5f5d8	http://www.suffolkarchers.com
864bf53e-651d-4c10-9ad2-3fdf8283c4e9	https://www.sunburyarchery.com/
51137533-e078-433a-a7cf-b6572b047e75	https://superstitionarchers.com/
891e5ba6-d717-45cd-82f1-b115985ee098	http://swarcheryteam.com
c3bc8e83-0ac4-41d2-929b-61a7d727155f	https://swiftriversportsmans.org/
ff4fec18-6bb9-457e-b127-8826199234fb	https://ohiodnr.gov/go-and-do/plan-a-visit/find-a-property/sycamore-state-park
3e830efe-7196-4973-929c-7f7e7dbec5d7	http://www.sylvanarchers.com
f86398e1-595a-460e-84f5-4970dc693e8f	https://archeryoutposttulsa.com/joad/
8339b63a-df04-4478-a9d5-6a6dc5836411	https://thearcheryclub.org/
db636893-9882-46ba-aff6-349911909270	http://texasarchery.info/
6a93b0e2-2dcd-4cef-92ca-888247b505d4	https://tacmobilearchery.square.site
4c323ddd-45ec-4509-8029-8aac868943c0	https://tacomassportsmensclub.com/
6a678042-2eea-4fd1-a37a-8fb4194151f4	http://www.bigbendarchery.com
c24c2f6d-6903-4ebd-8bde-ecc321a44c12	http://www.archerytampa.com
e6afdfba-3754-4866-920e-a4a4ddd6e552	https://www.mytbsc.com
79523e25-ba1e-431e-9461-e9a0bde8b1e5	http://www.tangysarchery.com
c5552854-8093-4f72-a0c4-865bb3e494c3	https://www.taylorsarchery.com/
5039d0c3-f8bc-45a5-af9a-130f15ec7eda	http://teamspiderx.com
2f392caf-85fa-4c55-ab70-3589b066830e	http://www.tejasbowmenarcheryclub.com
ca86cba0-ee6d-4476-a39d-7f050544fcb5	https://www.tejasjoadarchery.com/
bc59183f-bf3d-446b-b01c-e52863406214	https://www.memphis-archery.com/
d0d2909c-5859-4804-8e5e-4817c8744cbb	https://tntriplethreatarcheryshop.com/
bb2582c0-7e39-460c-a183-9bfd113a03f9	http://texasarchery.info/
c73b3e13-e9d5-4db0-8b13-ca9820b709c9	http://www.thebowzone.com/
cfeeeb05-ac08-4255-92d7-30702152e9c3	http://texasarchery.info/
a108f3bc-8f01-4064-a0f5-df80ac67aee2	http://wwwarcheryinsighttraining.com
899a2aa5-1a47-4b7d-81d2-ccae11769bf4	https://tabarcheryclub.com/
38d4ad75-eb7a-4ac7-ad4b-7bb65c2c75fb	https://www.thebowrack.com
b2998b01-659c-4b7b-901f-be69cf144a87	https://www.turners.com
723131ad-e600-47de-8dad-9e4c07f1d372	https://turners.com
cac9a39f-dcf2-493c-9823-6006a7dbfad9	https://turners.com
f60c9bf1-340f-43e3-a96e-d53ae7bee53f	https://turners.com
041482b5-cac6-45ca-bf0f-575e908e013d	https://turners.com
8a5f12cd-16a3-4b0a-8e74-c205ce0c1108	https://turners.com
8a06b77b-710c-4926-a0fd-5e4a7ee98c19	https://turners.com
0d7aaf96-38f0-4c00-a442-095973179eb8	https://turners.com
00feeafa-445e-442d-9fc8-10802085b7ed	https://turners.com
03912d56-8bbc-49c2-b3f3-2210cc2f385d	http://OutdoorEdCenter.Org
34c0acce-ac07-45eb-b410-35cbbc7e69b9	http://www.tuscaroraarcher.org
42897624-86d7-4caa-9e7b-dcfb02e2f44d	http://tustinunited.usarchery.org
7945ad0d-be97-4e9c-98b5-623e7cc220d1	https://twelfthprecinct.org/
619fbe36-f957-4a92-bedf-16da2725e9a8	https://www.twincityrodandgun.com/
d826e08b-23ff-4a96-a448-651a9a230954	https://www.twinoaksbowhunters.org/
f8505d95-2569-48b2-ba58-08ebceb72a30	https://twistedarrowokarchery.usarchery.org/
789b7daf-f09b-4dda-8298-7a85900af7be	https://www.tylerarcheryclub.com/
0006c627-2e66-4eed-84c4-dd58b60c454f	https://www.uclaarchery.com/
42b4bbad-f7f1-406f-8160-ef092fa0d790	https://userymountainarchers.com
0c4dc4ff-81b9-4289-9950-057a3186420a	http://www.varcheryfencing.com
505b9dc4-a933-4b7a-81fc-1d51ec9eb955	https://valleyoutdoorsinc.com
2c24a0d5-d566-4df6-9850-46b47cd89440	https://valorarcherychallenge.com/
f49d68f0-c57d-4ebb-9d4b-933415e6f187	https://www.vanceoutdoors.com
fbbb5e75-9480-44f7-a136-5ba53e2d5bb7	https://verdugohillsarchers.org
ab7ca2e7-6556-4ed5-9a08-f1ddcc66243a	https://verdugohillsarchers.com/
a290ff4b-cb5b-402b-9226-46706d0fbb45	http://pelkeysarchery.blogspot.com
556e3b10-fb37-437f-a115-3e6fe388aeaa	http://www.vnbarchery.org
0637b5eb-de54-49f2-9f47-7944b056b5b4	https://www.facebook.com/VirginiaJOAD
506d2f47-dfd2-4109-bce2-751ddf3622fb	https://varc.info/
645e37e3-3d14-4964-8b10-fd19985e1c93	https://svarchery.weebly.com/
622c5a8a-b823-4afe-bc56-6773c0b2100c	https://www.waxobe.com/
aa178381-499c-45fa-8374-3d606ed8bf4f	https://www.walkerriverbowmen.com/
02da92bd-a061-4ce9-ada4-4fea783e0606	https://wallingfordrodandgunclub.org/
24977840-bb94-4386-b59a-ddb2c7389fe8	https://cityofeagan.com/archery-range
945bb356-03ba-4fce-9c55-14b15a03b3bb	https://www.waltonianarchers.net/
9914b16e-daf7-42de-bbd7-4ee7f605fe62	https://www.wanderlustarchers.com
a028edc4-cec2-42f6-84ca-2131f714659e	http://www.wapellochiefbowmen.com
47dbee01-a52d-4eff-9a14-14c41a2ab82a	https://wapellochiefsbowmen.com/
6f125025-988a-4527-b574-88593962be08	http://www.wapitiarcherspa.com/
7a62c127-ece5-4c92-bd44-a9951b9608c0	https://www.wapitibowmenpa.org/
d641cb1e-3da9-4394-a092-80db55bacd8d	https://www.jampd.com/parks-facilities/evans-archery-range/
91b01728-b065-4fe4-a522-9646b7f498a9	https://www.evansrodandgunclub.com
ebb90101-1c64-4edc-9b0e-561fc4a52956	https://www.evergladesarcheryrange.com/
4df598d8-c29a-4ce7-884c-d438e5ec8398	https://www.evergreenarcheryclub.org/
d16d0ca1-e71e-48a8-99b4-fa4410b3fb75	https://www.fcfgpa.org/archery
24ca2644-90e0-41b7-bdce-8dc5274e1625	https://www.faithandarchery.com/
b441de84-4eb6-4b58-b40a-06ae917cf5e8	http://falconjoad.org
202a3e76-06d8-47be-86c6-079a93e89fc2	https://fcvcc.org
ebbbefcf-b504-4407-b670-a32e8409d087	https://www.fallonbowmen.com/
c0c7620f-56bb-4b16-9b60-6efb4bbaaf00	https://farmingtonfishandgameclub.com/
e1c670b5-9ffb-47df-af0d-2d43d6a35d6e	https://www.feathersandantlersoutdoors.com/
f81663b6-ba8f-4fa8-ab90-7df4fd20fa29	http://www.ffxarchery.com
1d012ea5-a5ba-4981-81ca-52aae666a88e	https://firstflightarchery.com
9979eece-08c2-4c61-988c-3a1f134ddfc6	http://heroeshearts.org
5fae99d0-7c78-4ad3-8ad4-09fc4c79c0bd	https://www.fivevalleysarcheryclub.com/
9f9e2b93-082e-4295-bd85-7af760ae23e6	http://www.flaglergunclub.com
d9c94700-4925-4051-abba-23fc06d1d39e	https://flatshootiarchery.com
4414bddf-a607-467d-a081-becd864178b3	https://flatheadvalleyarchers.com/
0c2f81fd-7f3a-4670-9a4c-c4995305c36d	https://flintbowmen.com/
efa224a9-721e-481c-8866-e10f32a32a71	https://floridapoly.edu/studentlife/athletics-recreation/
b030a23c-06b6-44b3-9c67-7a42d3131023	https://www.flyingarrowsports.net
7fb59553-47a9-4b98-beb0-fdf079e7a0be	https://foothillspublicshooting.cc/
dd40a801-2aa0-43c9-9a76-04bf0b227127	http://formfirstarchery.com/
e7955670-1a54-46e6-86ee-98dc61b41699	https://www.fortcarolinearcheryclub.com/
1d4b5c22-0dba-4948-9781-3d5f44e4c496	https://ftcollinsarchery.com/
1371efa7-8e90-4017-b1a9-69b4449afee0	http://fortedwards.org
3bed6949-1a32-4a10-8764-7ddfec727915	https://www.foxvalleyarchery.com
47c83d98-f9ac-4f82-ad79-f56ec996a63b	https://www.fpsarchery.com/
1c249378-d2b4-4a92-accc-e5942a6c93bb	https://www.fredericksburg3darchery.org/
cc58f774-05ff-4f08-a931-ba91b2b57e88	https://www.fremontarchery.com/
32ce7c3b-960f-4786-aa49-829cb3b05657	https://fresnofieldarchers.com
b6fa8be7-a90c-4cd0-8ca9-be56a99b632c	http://www.fortlauderdalearchers.com
414078ad-6fce-47c7-a732-69e1db3309d2	http://fulldrawarcheryclub.weebly.com
29e87c2b-446b-40e0-af9c-a781ad30ba5e	https://full-draw-bowhunters.square.site
85e61169-49b4-4248-925e-73209de025c6	http://gamelinesarchery.com/
c07c43ab-1a1c-4e14-a1b1-a180d1e7a29c	http://www.gatewayarchery.com/
1d640ef3-c0f9-4998-8c24-a181ec5854d3	http://www.gatorbowmen.com
831aaa3c-32d5-40b4-a548-13800f36f285	http://www.gauthiersarchery.net
d474fc1b-ed9f-45e4-b2ea-cb76fbf44fbb	http://www.gaylord.org/sports
a939abfd-3527-4e2e-b18b-d067d2c28bd1	http://www.GenevaArchery.com
1a84b5da-c683-48af-b330-d269574db0ae	https://bentarrowarchery.com
67d928f5-869b-4134-9552-dc38fcf71ee1	https://bethelaog.org
63cf3f87-5b88-4576-ac93-02e5fa2d6a0c	https://bigfootarchers.com/
79f0d232-ef8e-44fa-bdf4-d1a45c1efc41	http://www.bigoakarcheryclub.com/
dd175aa1-66ea-4f1d-8bb3-08709d3deb64	https://www.tgssinc.com/big-rock-archery/
1e90123c-c90e-469b-ba20-664136c613b5	http://bcoac.org/
e5c3c4b5-03a8-497b-ae04-6a7d11cb17ab	http://www.bigskyarchery.com
98b807a6-b55a-44f1-b45b-b2766dbd1ce5	http://www.bigwoodsgoods.com/index.php/archery-classes
d12cf706-0b11-412a-a505-a6b90482e2e9	http://www.BigfootBullseye.org
357baeab-f582-4e20-a760-d40b72fcc528	https://www.billjacksons.com/
f7b2a865-6771-4a73-acf7-21aa662c6ed3	https://thearcheryhut.com
31e8fd96-f877-4c14-a7c9-38b4ee8c14d8	http://billingsrodandgun.org/
cefe5ec0-5e09-4d68-a92e-54d0593b72f3	http://www.blackcanyonbowmen.com/
614bac2d-3f79-43f0-bc0f-0fa2d972f1a6	https://www.blackdiamondarchery.com
9c899f95-9ddc-4510-941f-0f9cdfdac14f	https://www.blacksheeparchery.com/
f126821c-88a1-4e7b-8d3f-3af641a8afae	https://blackswanarchery.com
267856a2-84a7-44e4-b721-7a594d76d49c	https://www.blackfootriverbowmen.com/
cd3ba984-4a45-41f5-ab89-8c31ab447d44	https://www.blackhawkarchers.com/
d94e21cd-b5e6-4365-bb07-33b741243f40	https://www.blackhawkbowhunters.com/
8032dcc7-1a93-4d5e-a3fe-61227f6848e2	https://www.bhfail.org
a2febeb6-4e86-433b-9822-e7fff7673ac2	https://blackstonevalleyarchery.usarchery.org
b11a23c4-e938-4cd9-863a-36cc7497ae02	http://BlazeSports.org
161e125d-7912-4ebf-88b6-47892455c845	https://www.blazinarrows.org/
799e186e-9838-4166-a485-b6a156a016a1	https://www.blessedarchery.com/
e0ff2720-5ffa-40f3-a025-a9bc8eabeb69	https://www.bloomerrodandgun.org/
11c84022-0d75-43a3-bb83-79b8c8ad66d4	https://bloomingtonarchery.com
279403a8-49f0-4486-b92c-c88af9ea7e07	http://blueridgebowhunters.org/
ac4938a6-2d91-4209-858a-5069e5ed0c66	https://www.bluegrasssportsman.com
dbf8a431-18fb-416e-b509-f382a1202a89	https://www.bobwhiteclub.org
19177c91-b57d-4c34-8633-aed6eca9b87f	https://boneyardarchery.com/
68311b54-bea3-4497-aec8-abc7490521f3	https://bbaclub.wixsite.com/borderbrigade
b80065c9-72cb-423b-85fd-903ae6d00113	https://borkholderarchery.com
ae93799e-2e3b-4b97-ad4f-1b5b950f5a9f	https://www.christianbowhunters.org/
285840b4-3039-4290-a49c-022ce7cf160a	https://bownarrowshop.com
e9cf9930-91e0-427c-a2b3-326c9ec94ccc	https://bowprosfbg.com
42892b46-dfad-45cb-be3c-558b0e2e8a96	http://thebowrack.com
d55125d0-70c5-48f9-883c-432562e39afb	https://bowdoc.com
7b246a79-4699-44df-befe-9c1fa865dd46	https://www.bowhuntersproshop.com/
659bb1ac-2d24-40f7-b7f0-3a2bb7d1ea36	https://www.bowhuntersedge.com/
3ba0f777-daf5-41c5-8541-87da31e57a45	http://bowhuntersofrockingham.com/
24e6a51a-2648-43f5-bc52-9a4ce6d72b05	http://www.northcentralelitearchers.com
532af965-0baa-48d0-b118-69fc905edba1	https://northflarchers.org/
e68dee03-13b0-48da-9731-640aa83227d2	http://www.northsidearcheryclub.org
9519b693-262a-4e61-a65e-1a8f734c9339	https://www.northsidesportsmen.com/
a119455c-1ce9-4573-8d03-f46f37558bd3	https://www.nsaarchery.com/
3234fb65-49cf-4cdb-b537-1b086259a5fa	https://niao.usarchery.org
2885a5e9-bf93-4536-8895-3fa8c760b257	http://www.nkyjoad.com
b6c958cd-8854-49b9-a0a3-35cffeb2d58f	https://norva.club/
2ed7728d-95c0-409f-9ed3-10f9e53e9be6	http://northwoodsbowmensclub.org/
dc5b306c-0945-492e-8321-970ffac6a440	https://www.norwicharcheryclub.com/
b4bd6905-4efd-47e9-837a-f9bfb5837093	https://novafencingclub.com
37966c38-dac0-484a-bb08-49ab3d083018	http://ocsc-archery.org
a93be0e1-d251-4b5b-b261-f74aa28f95cd	https://www.oakridgearcherytx.com
13fa1a8e-3848-4ca3-93f0-983fc7273b71	https://oakridgearcheryclub.usarchery.org
68c7295a-376d-4caa-b4e7-b3a9f6fdd6e0	http://oasisarchery.com
b78e1fce-15e8-4455-ba17-0d5339953cab	https://obiss.org/
4002326b-bbc2-45d6-bdeb-c2d55cf20af5	http://www.oceanstatearchery.com
fd028f26-d90b-4d17-8773-b90b2283b9a9	https://ogemawhillssportsmen.com/
0cabfd3c-b6bf-46ee-9cc4-e99f780ddfac	https://ohiocountyarchery.com/
c4e48428-6879-4543-917a-7b92b26552a0	https://ohlonearchery.com
184645bd-603d-4e67-9566-bc945c3567b8	https://ojibwabowhunters.clubexpress.com/
94f5703b-468a-4b9e-8e41-2090230d82f7	https://www.okcgunclub.org/
ee51c78b-5ff2-4c08-b410-c18a92175d0e	http://oklahomastormjoad.com/
5c4126d1-1317-4eaf-bc37-af1c6829015a	https://www.old45archery.com
bcb0f73d-ccf3-46b5-aeda-7a83330de892	https://www.halecounty.org/county_offices/ollie_liner_center.php
ce3e06a3-c27f-48b9-9710-4190ca148b40	https://www.obhclub.org/
a3beaacb-35b4-4da3-bb9b-4c4a933c2a30	http://www.onsitearchery.com
53eb3296-d207-478b-84f5-7d3e20dcf017	https://ontargetoutfitters.org/canfield
71636d17-f2b3-4c34-95fa-cd952404ee19	https://ontargetoutfitters.org/findlay
3e3793e0-96a6-4e07-9807-0d9eb3edc187	https://onthemarkarchery.com/
10792eca-b705-4e74-ae47-27bf2a6f0f9d	https://ontelaunee.org
90cb93e6-2732-4902-a0a6-eaf88399682d	https://orancobowmen.org
88add2e9-adc7-4be2-89f9-2465896bea59	https://www.orangecountyarchery.com/
65b5d90b-7db4-4951-94fe-5ea5d36c6d60	http://www.oregonsportsmans.com
6ef82f36-2bc8-4588-9228-4e8b32c54b9d	https://www.orovalleyaz.gov/Government/Departments/Parks-and-Recreation/Facilities/Archery-Range
9ca9f1db-5a5c-4095-be6d-19a420a49347	http://www.osceolarodandgunclub.org
61149855-93f3-48bd-a5fc-c915bc141ba3	https://www.otowarcheryclub.org
9ada0904-45ea-4382-a8e2-226b1b3eb2c1	https://theoutlawarchers.com
4240d0af-16de-4edc-9231-6dd465bb06ff	http://www.palmyrasportsmens.com
4074df1c-7fd4-40c5-ba18-7b709a274f5a	https://www.panthercreekbowhuntersclub.com
fe70589a-928b-4d63-b264-8598a8329be3	https://www.ribmountainbowmen.com/
1c1c33db-dd31-4b54-8309-0c86169a25e9	http://www.rlrodandgun.org
ee22f7bb-ec72-497f-9c8f-65b812a7a85a	https://ridgearchersattenoroc.com
c09243f3-cead-4de2-a556-3d55b3cb9132	http://www.rigneyschoolofarchery.com
d971324b-da19-43a2-baf4-9bfde152a18d	https://www.fhgov.com/play-explore-learn/riley-archery-range/
8b0d4064-3be5-445c-b7e4-bf51a0a04df0	http://rimcountrybowhunters.org
951c23c8-396b-419a-8128-7ce440095daf	http://www.michiganarchery.net
1aaafd0a-ec59-41ed-9382-b3b2e621156a	http://www.rrpc.org
d099c029-f64e-4dbc-b24b-41978a1cf6db	http://www.riversidegc.org
02df323a-c5e6-4fb6-b5af-ac4a00f846ea	https://riversidearchers.com
af5f5072-e486-4cda-8fb0-917c9b27ec10	https://www.thewoodlandstownship-tx.gov/Facilities/Facility/Details/The-Recreation-Center-at-Rob-Fleming-Par-180
815cfe00-45a4-4d5e-8bc1-93dbf0f63060	https://robertsonarchery.com/
10e8ea59-9748-4788-b8bd-4e5e7312db5a	https://www.racbowman.com/
986e4c2d-b63d-4ff4-8f41-ba38907d977c	https://rochester-bow-hunters.weebly.com/
57427e6f-4f43-4b95-b1ab-9a7a8c81fffc	https://rockvillefishandgameclub.com/
b20ea0e9-e8ff-4bb9-99c3-74544dafecf1	https://rockymountainarcheryassociation.com/
33aaf0c7-48eb-42fe-8bbc-fa42e0d04495	https://www.rockymountainhotshots.com/
9e380fd9-1851-4a0e-a8ec-b7081a76cbeb	https://rockyriverarcheryclub.com/
ec2924a1-05c1-43ed-a48f-de7921ddc61a	https://www.roots-outdoors.com/
19c3d363-dbe7-459d-82f5-3067578355df	https://www.royaloakarchers.org
478f2aee-b462-4a15-a049-3ff5678b9563	https://kinetickidstx.org/
5b33d1c1-5426-4517-97a0-ad4e204e6dfe	https://saddleriverrange.com
b136c005-a852-47f9-a85e-da9891c6c675	http://www.salinabowmen.com/home.htm
b252ad31-e27e-4d9d-a22e-d88d9fc8487a	https://salinasbowmen.org
f94623e0-fe66-4c69-88b5-4d3c8f88a9e8	http://www.saludariverarchery.com
530830a1-e99e-4fe0-8862-887e61126327	https://sandiegoarchers.com
9d6e0591-c0fc-4e7e-987d-59881c980b11	http://www.sfarchers.org
f6231095-8a93-435d-9d1e-fc674faae4f5	https://sjarchers.org/
d5ad035b-0d8e-427b-9814-86017b41befb	https://www.sandhillsarchers.org
9c6efc5a-6874-45e0-a078-44d34ba88e99	https://sandunearchery.com/
615124f7-3cea-4d13-9577-07728d383c53	https://santacruzarchers.com
14377472-ae40-4f8c-b364-6a623e2d38cf	https://santamariagunclub.org
6bfe19b5-7587-4dde-a521-005ce6d4823e	https://sparchery.usarchery.org/
ada1c5ac-34cb-4cf0-8536-4b47939f148e	https://santiagoarchers.org
02172f71-5ef1-4f7a-a831-7a949ca32c17	http://www.sarasota-archers.org
16b07f12-47db-4b8c-810d-fa1484a48977	http://SarasotaArcheryAcademy.c
50822d7b-734c-4f5f-be49-9ac48e502e38	https://saratogaarchery.com/
f55082a5-72b3-46ab-a60d-c10f359d9a3c	http://sattvaarchery.com
1fc23b12-7f11-4f4c-a849-8c379337c710	https://www.schafferarchery.com/
d4abfa83-0dae-4f8c-aa30-3110da5b3804	https://www.seichukyudo.com/
89449cdb-64da-4868-8af8-1ce68c88ae05	http://www.hiddengemsarchery.com
5343f00c-b451-416e-b310-d2df9012ab6b	https://highaltitudearchery.com/
b0483d82-39ed-4c97-b283-e159df7468d0	https://hitmenjoad.us
53138fd8-bd49-47df-9f3f-4c85de10e5df	https://highdesertarcherynv.com/
ef4c61ca-b86a-4077-9542-62ef32b24d54	https://highplainsarcheryclub.com/
d274e3b7-53a2-42ad-9b88-c73452738c22	https://www.highlandsbowhunters.com
8a0aa87d-1e31-47a4-bb23-e8ab6311262c	https://shop.highsmithguns.com
e7b1e15e-33b9-443a-ad08-92691205137c	https://hillcountrybowhunters.com/
af1906ab-cf02-4c85-9cea-1c9b10f092db	https://hitormissarchery.com/
8421f4f9-7086-45d3-8298-bfe5c219dc63	https://www.folksyfarmsteadvtx.com/
27e17a53-d449-45e9-9765-822032a4dbbc	https://honeycreektackle.com
95381e02-8bfc-4a41-a135-252efee3b62c	http://hooveralabama.gov/parksandrecreation
f07581d3-511e-4a38-9554-e875bc6352f7	https://hmarchers.com/
e3d89c03-2469-412a-85b8-43c3a7f1ed4d	http://howellgunclub.org
958cb832-16ca-4d68-b016-0bca955ad0fe	http://hsssportsacademy.com
47c90781-15b9-4828-b535-c10062fec475	https://huacobowmen.org/
18447f73-3d6c-4158-9953-66d5a68a9039	https://hudsonfallsfishandgame.wildapricot.org/
eed097d7-0567-4342-b71b-1608036efab9	http://www.hyparchery.com
a72d1b4b-e695-40f4-89fd-3387b14dd126	http://www.idahotraditionalbowhunters.com/
3439c26e-0e22-4b56-8557-5616b4174064	https://www.ilianabowhunters.com
5011debe-8962-4b16-9ab1-a3e4cb7d1298	https://www.impactarcherylv.com/
b1dca8fe-7860-40b3-a05a-761b0c25bc83	https://inrange.clubexpress.com
af48295f-d14e-4c96-beef-5ebb4b2572e2	http://Www.indianriverarchers.com
632a0fc7-bc14-4ed4-8a19-0e192f236ad5	http://www.indianatechwarriors.com
d77140c1-c48d-4521-8499-1e72ea5cd2d9	http://www.idahoarchery.com/ihb/
aa892712-0891-4b1e-bc22-7815df955522	https://www.azgfd.com/shooting-sports/ben-avery-shooting-facility/
59a2e88f-fb33-45cf-accd-84b075054e4e	http://www.ipswichfishandgame.org
6f8e1029-e650-4aa8-b6b8-552ac6f5d38d	http://www.iratownship.org
278f8d14-431a-4478-99bc-686cc44b604e	https://ironhorsegunclub.com/
586b945f-38d2-4cc6-8ec6-13d602ad5bd4	https://iroquoisarcheryclub.com/
c75a700b-c688-4884-a35e-a1a67d468e4c	https://ishiarcheryclub.org
fc765118-eb7c-4f15-89b5-761b07c14c89	http://www.islandarchers.com
94715022-c55d-44ea-b951-0274fbe32e6d	https://ithacaarchery.com/
16972aa4-f58e-4596-a393-8b6784c20985	https://www.ikesb.com
527e4960-4426-4f36-93eb-9d58b3f65227	https://washcoiwla.com/
bc0f63cb-a294-47e6-8ab8-0a4c410eb1cd	https://jrobinsonoutdoors.com/
ad38a388-bf9d-4d30-ab42-51c1e3e5bbb3	https://www.jackrabbitarchery.com/
7c247076-b8c9-462d-b199-bffe11efee69	https://www.jacksoncountyoutdoorclub.com/
54cdf97f-c192-4bf2-a7d5-771261ea7f96	https://mdc.mo.gov/discover-nature/places/james-reed-memorial-wildlife-area
d4a0c0e0-ef7e-4280-bc81-9ac8414a10ed	http://janesvillebowmen.tripod.com
c977f073-fe61-468f-96a6-61190fd9dff8	https://shastamountainarchers.com
eda9017c-3b5e-43c1-8fa4-cdba1cfa0b22	https://www.shatterproofarchery.com/
5eb19a2e-e4db-410b-9d57-bbd6c4bb54b8	https://www.scsarange.org/
3b566cd1-5641-4f71-9c6d-21d8b1f77446	https://sherwoodarchers.org/
0541ac39-b795-425a-9bfd-29a32cce2c32	http://sherwoodtargetarchery.com
68b31b48-9e85-4187-b834-47da4c9665c9	http://www.sherwoodforestbowmen.com
d879a494-b9fd-4126-b086-d984672a98d5	http://www.shootingstararcheryacademy.com
b493ba99-8d3e-49c1-93f2-24740875938a	http://shootingzone.net
584834df-64d5-4ebc-9460-9a3e3d0efa89	https://www.showmeshootingsports.org
e89c7f5e-0a62-4a93-b157-5032a8eaeb24	https://www.svadarchery.com/
ccc42cdd-5637-4d32-8afd-ed9edbb89f03	https://www.silverarrowbowmen.com/
5f204c8f-5937-46b5-befd-86b1d8efcf62	http://www.summitmetroparks.org/silver-creek-metro-park.aspx
e934e592-feb0-4d16-a87e-f8286c04b515	https://silveradoarchers.com
97787549-3538-4b8b-aadb-c6a72e3d021e	http://singersglenbowbendersclub.weebly.com/
acd4e95f-afe3-4b6f-b0d0-132737c4dcfb	https://siwenlearning.com/siwen-archery-homepage/
67f86c68-ddfa-4b42-bb48-4fc9d7cea8f7	https://skookumarchers.com/
276f3667-de5c-4106-9d83-3f1dec26b892	http://smithpointjoad.com
8ae66753-70cd-49d4-8740-dd1eabc81dda	https://somerssportsmens.com/
ffd6fe5b-a7f7-475b-8712-ffdcde9a91d5	https://scbarchery.net
d97d9e3e-d8e1-4d26-aaac-9fcfe62bab64	https://mydukaan.io/tatersarchery
03cef869-c595-4eb1-a952-b41e6ecb652a	https://southbayarcheryclub.com
66e40178-0f68-4720-98a3-74935a5efff2	https://southbayarcheryclub.com
9a999bce-8544-4829-a8f0-b9bfc297d0d0	https://www.southbayarcherylessons.com
8c641121-4454-4859-a59b-ce64f9b2aecb	https://www.southbayarcherylessons.com/
eb85c9ad-b640-4c52-820b-4d45dd02b7d3	https://www.southbayarcherylessons.com
b8a1a44f-6387-4a1f-a29f-0dd94c2dc18e	http://www.scbowhunters.com
4445bdab-c558-47c6-a82b-1ce3c6905576	http://www.southflkyudo.org
4dbc0b8e-ab8e-41e4-8c25-863474961bc3	https://www.southforkarchers.com/
d0ba1337-496e-481c-9844-426251afa000	https://southplainsarchery.com
781cc185-ed7a-48f3-84ca-5f1e63c2953d	https://www.pima.gov/Shooting-Sports
74e96846-ed57-4dec-998c-66d1627bda2c	https://southerndrawjoad.usarchery.org/
c6110cdf-b0d8-4cfd-96c1-97a0d2bd5f6e	http://siadarchery.org/
65c9db21-3787-4503-9ac9-a66d6997c0aa	http://www.southernmdarchers.org/
ec34ceed-3218-4289-924e-716adc23a91b	https://www.swbbarchery.com/
ef63f74d-b835-498a-95a4-7c5d234bce40	http://southwestbowhunters.net
b98cf8f6-d75a-43ae-93c4-da5ec6961664	http://waseca-archery-club.square.site
2ae78ab7-f1bf-4b68-bf32-173a45efd294	http://www.spokanejoad.com
36778203-448c-4b4c-8025-4047b5c315c6	https://sportsmensoutpost.com
956eaf88-1e6f-4b14-97f7-20c472c8967e	http://www.spotonarchery.com
6aa34313-f629-425c-ba96-1f1d0043a895	http://www.square1outdoors.com
bdbe15f4-0562-41c5-bfed-9ddf88ff8d7f	https://minaraabq.org/
9f4ecaee-5d0f-4146-ba7f-0ad747913890	http://www.minnehaha-archers.com
32e03dfc-ee98-44e9-853a-a6acacdf9988	http://www.mnkyudo.org
cdea8065-a284-400d-a2de-4e06a73ea047	https://www.missionridgerange.com
a1c9d54d-4d0f-4195-b638-142a260b836f	https://www.missouribasinbowmen.com/
9be27dcf-91c8-4801-909c-448e40b6eb5b	http://www.mojavearchers.com
34f86114-65a4-4d3a-b05a-06d4982e5869	http://www.molokaibowhunters.com/
29fb651a-33ef-4603-b33a-3b0d8c7dad27	http://www.monumentbeachsports.com
e60e5fa3-2a46-4f2a-946a-687693e45a27	https://www.sandiego.gov/centers/recctr/morley
2654591f-7221-4d04-acab-b8b2b279d4b7	https://mtstate.org
b5a13fec-d5a5-45ef-9df4-7779239e8484	https://kernriverarchers.com
8ac734e9-4fca-4642-8aed-9dfb8bdee893	http://muddybayouarchery.com
1ada3595-e7b7-41da-a273-c518606a718e	https://multilakes.com/
b58bf90f-2351-4ab5-b242-d4f931c0be57	https://musiccityarchery.com/
09568153-cc73-467c-82b4-83144e966874	https://muskegonbowmen.com/
2faa45bb-03ce-4fbc-94f8-a79487525669	https://mustangs.usarchery.org/
0e02803c-a8b7-4a6e-a2ff-77433b1cd9a4	http://www.smashingarrows.com
9f798a78-c278-4e49-8242-53d82965a435	https://overtonsarcherycenter.com/
6e80ceb7-cfbf-4c13-9f63-ef2ef7e73bf0	https://naavak.usarchery.org/
fba7bbf6-182d-4f41-9fc4-55bd3588f5dd	https://nampabowchiefs.com/
4e3d3494-96d4-4a85-a6fd-3187d754e9e9	https://www.narragansettbowhunters.org
2e750efe-10d5-441d-b4ba-d7cd1554f631	https://nfga.org
50e6c33e-3423-4605-bed8-0f7f9c5e76e2	https://www.navigatorsadaptivesports.com/home
6d207884-5ffc-4ef6-8119-2befc97f62cc	https://neilsarcheryandcrossbow.com/
985377b3-4da7-485d-8d88-fe28015fcd3d	http://nla.kevcamp.com
5d6dcbcc-e296-4b3a-857a-1c7c1d519177	https://nenameseck.com/
7ac68fb7-a3d1-48b8-82c0-9c9d06f605c5	https://nc100archers.odoo.com/
72a6e39d-d125-4a80-b36e-9a92820c9638	http://www.nearchery.com, www.theFlyingArcher.com
ae6081bb-3d38-4833-b929-978f3af6e2c9	https://sites.google.com/site/nhbowmen/
d7f509d9-3239-48bd-83c0-d006b33741a0	https://www.nhraccoonclub.com/
94562d9e-36e6-4d26-8426-827be6c8aabe	https://www.schoolofarchery.com/
eafe1861-9067-47b3-ad45-10d58f0da59e	http://www.archeryshoppe.biz
7d42d4de-d43b-4b7d-b163-c11d53d762be	https://nextarrowarchery.org
130edacc-3426-41d0-8967-8bae4fc41060	https://nextsteparchery.org/
eb782f81-a187-493c-b890-1ceb0b98faf6	http://www.nishubowmen.com/
99a4abcc-5010-4d03-ab32-0a772af9e1f7	https://www.nolimitsarchery.com/
5430a0de-c008-48f3-af31-b6719406472a	https://nolimitsarchery.com
abadf432-ab4d-4965-877f-9f028fb41b8b	https://nobleaimshootingsports.org/
515aa5d7-74f5-4929-9807-f50529a76fb8	https://norfolkarcheryclub.org/
b2a5f8c6-d4ef-4ee9-9d26-e5c471a10bd2	https://ncscshooting.org/
72990dfd-ef3f-4606-903f-b35bd633b714	https://bhuarchers.org
393683d1-b710-4ded-8cc6-16f476868cf1	https://www.bowieoutfitters.com/
a4fb65a5-5ecd-40af-9697-24c025fec396	https://boylecountyfishandgame.com
a32bae43-151e-474d-a21e-e318b06ba5f0	http://www.brazoscountyarchery.com/
b7184eb3-fdbc-4b16-b448-c72c3dec261d	https://breakthebarriers.org
5ac78be6-6e2c-4b24-83a0-32d2fef9d84f	https://www.brevardarchers.com/
6215cbd6-23b5-4aef-8bba-a8c0c154f6d4	http://www.selcra.com
6a8b19d7-1bfc-41d6-b82a-0d67ee880d2b	https://bristolfishandgame.com/
56c793ac-a54f-43f1-b45d-b27bff8350ed	https://brittonsarchery.com
0aa30987-21a6-4c63-92ef-e735c3c268e0	https://www.broadwaterrodandgun.com/
dc2b4319-5e5d-4f27-bcea-e79faad56459	http://www.brokenarrowarcheryclub.org/
fa429fe2-8431-41eb-b3a1-12103d4df0ea	https://buckdoes.com/
1afdc318-c4b6-40ec-b620-4b3ad43e2793	https://buckbrancharcheryclub.org/
89d9f816-6953-40df-9048-164c0aa2b1be	http://www.bucktrailarchers.net
a4d9e0d5-090a-473f-85dc-053c59ea0d9d	https://bvsportsman.org/
96b1d598-a1a1-40b9-b80b-b22a1c4b641f	http://www.cachearchers.net/
48e63567-f1eb-4881-b1ff-b5f178c5e9eb	https://www.humboldt.edu/campus-recreation/recreational-sports/clubs/archery
a043f7f8-846c-44d5-8204-1f80734369c3	http://calfencingacademy.com
02affa77-2c6c-4f24-a49d-88ad63e3e8b4	http://southbayarcherylessons.com
aa82af5e-0fdc-4ece-a603-375b4e7d8b7f	https://www.cambriabowhunters.com/
163546ba-a5c6-473a-943e-92a3ab4ea223	https://www.ccbclub.org/
967e0dc0-d77e-423c-94f7-b4088a7d5853	https://www.carbontecharrows.com
96ff9ff5-0322-44ad-a417-83b8d773d0fd	http://www.lifetimearchery.com
bfbe4ad6-e11f-4a71-9231-bfee09aa8dca	https://thecta.org/
7d01da22-0f08-447d-8073-5f58da33136b	https://carterscountry.com
66d9ca37-ff4d-4af6-ae20-041e65312426	https://carterscountry.com/
685496a2-b075-46eb-b01c-c26567f6706e	http://carteretcountync.gov
5f417d66-c8ea-4dd6-9eec-a8b17eda7688	http://www.catoosarec.com
15f02866-055f-40f6-899c-6f3a89b3f433	https://cedarriverbowmen.org/
4a4e8e01-9759-4cf2-8d0d-9e29a5ef8962	http://www.centershotarchers.org
718fb5a3-7c58-443a-9e10-53c301236d82	http://www.centralfloridaarchers.com
d70c0bb9-3fec-4ba9-baf2-6fcfc07cad4d	http://CKyJOAD.com
f9b279b3-e276-4f71-86a3-ae1c8e341062	https://www.centralmichigansportsmansclub.org/
5384da93-70fc-44e7-a365-ccfa84f59a4f	https://www.centraloahuarchers.com/
e47b8a39-5ae4-4db3-9bd1-df7a658116ad	https://centraltexasarchery.org/
05a1e102-e7c0-47b1-a2b4-250a283e4a85	http://www.centraltexasarchery.org
1ba21f7f-507e-46e1-b77f-0c971bf7c663	https://champaignarchery.com
6e2c5cff-27f7-40c8-a0c3-93156c4a2010	http://champaignshootingacademy.org
0ef194d7-fff5-4a76-be40-0dac1fe866fe	https://www.cityofchelsea.com/356/Archery
57904d51-b0a1-4672-a2a5-335a93c44c6c	https://cacashland.weebly.com/
d4f44340-9001-471c-ab1b-f393f721fdd9	https://cherryvalleybowhunters.com
c14769aa-a5a8-4668-8b35-e546621ac7c9	http://www.cherryvalleybowhunters.com
be2eec74-471f-4e74-b4a0-905cc51542d8	http://www.chesterbowhunters.com
62e484eb-047e-4371-86b7-79b444397e62	http://www.chesterfieldrange.com
f95e0094-e5fb-49be-bb21-3ad37f776d2e	https://cheyennefieldarchers.com/
a7558686-bc96-4864-9e09-cdc6bcaa1935	http://chiaarchery.com
73a256ec-1fdc-4ddc-ab49-ec0c64933fd5	https://chicagoarchery.com/
875a58bd-9d89-4aa1-891e-97e692908847	http://www.chicagoarcheryclub.org/
a779c65d-3434-434b-a8e1-a9061095a18e	http://www.chicagobowhunters.com
1b71018c-ee59-4a1e-ba39-2f2c3032ebf3	https://chickasawarcheryclub.com
0689025c-c8d3-40ea-ab59-c06f81de7538	https://chinookarchers.net/
051ffd94-cc77-47e5-ad9a-cf7643901f2f	http://www.chippewabowhunters.com
ed77406c-fc34-495a-93e0-611afc4f9dfc	http://www.cincyjrolympians.com
40e9bb65-7ef6-441e-8ad9-99c5e968dadc	http://www.cityofcarrollton.com
649b2942-a9be-4fe9-b405-d1a600959eb2	https://www.wetumpkaal.gov/parks-recreation
1f3bd7e5-b5fc-4632-9b79-15d823197c98	http://Clairtonsc.org
a2b28d76-4537-4eb8-ae80-02a8e1a5db32	https://www.clarkcountynv.gov/government/departments/parks___recreation/shooting_complex/
df331bc8-8433-4cbf-bbaf-2b9dd7894f61	http://ccfsa.net/
f2b1aa14-1324-4147-8571-9e530b4ef0e9	http://www.cloverleafarcheryclub.com
0be57cfc-0675-4e6c-a057-4e8546a60cfd	https://clubarcheryatuga.usarchery.org/
79540ecb-7856-4eab-8436-73b4c39172e4	https://tmp.thecmp.org
ab7783d4-377a-4a32-9aef-04fd0c8402d3	https://crpcms.com
3a547261-99a8-4eae-8f68-c89b70e5e103	http://codyarcheryclub.com/
92f26abf-5970-4f80-940f-b6196efaf57e	http://archeryschooloftherockies.com
9047fac2-8fa9-4f03-a615-5842a042958e	https://www.columbinebowmen.com/
31e74bb9-8f5a-45a9-95ed-5f21d262453d	http://www.colyakbowhunters.com/
2111bddd-edfe-4142-80b9-20f60d2278e7	https://comstockmi.gov/parks-recreation/
06fa668f-70fa-4473-9905-f5a9949dad95	http://www.cvarchers.com
7a0b18aa-7f65-4aeb-bc19-06877631e0a0	https://www.cookinletarchers.com/
b09fa655-c2a4-4676-b8a3-cec33b20c261	https://www.copenderorange.com/
9d9e3e10-fa3b-4eda-9cb5-fba5fda3a472	http://cdsa.biz
80b24c29-ad00-42b7-8847-8b2a597f82c9	http://www.cornerarchery.com
d9fcb9c4-e7e0-478e-baca-1fcdb203f46e	http://www.cornerarchery.com
22271fb1-833e-474f-bdfd-b8e07cbebda4	https://www.coscobarchers.com/
9f8352d8-d1c1-4bd8-836f-eac14a7ff2fe	http://cottonwoodarcheryclub.com
826084df-8ddd-4d3b-a544-96dc9b90aefb	https://cougarmountainarchers.com
6c9513ce-6359-40f3-b412-6c22afb167d8	http://www.cowtownbowmen.com/
a6c67a83-e3d8-42ba-b31a-226fd28cb99b	https://coyote-creek-archery.com/
8376b7e0-58d0-4f08-9ed2-714af8106983	https://www.crawfordcountybowhunters.com
509409b8-dc11-402b-9d64-ce2348ce9ac0	https://crazymountainranch.com
9cac42b9-8621-4801-b71f-b5ae87b45333	https://catskilloutdoorsman.com/
61cb3243-cdf8-44cb-bbb1-4841ccd5c1df	https://theclubhousearchery.com
36aab59f-7cf1-45b0-9ba1-7726330a77a0	https://www.thehermitageinnvermont.com/archery
c04d15c7-4fda-4053-86e0-b0ce83b5c90f	https://thelodgeinfranklin.com/
f73b0254-8d74-4be0-82bf-a7075f5a125e	http://Themountainarcheryrange.com
0e6c1eb9-91fe-4297-b125-e400c731bcb3	http://www.themountainarcheryrange.com
e634288b-1380-4531-8763-fb9db7bb59cc	https://www.outdoorinsiders.com
d01647a2-b6c9-44c5-9992-94f42606c647	https://pootatuckarchers.com/
fc847f7b-156c-4f00-8786-c3858bccfeb8	https://www.peelcompton.org/spaces/the-quiver-archery/
ef7cf9eb-167b-44ee-a425-e3c68d6ac9c8	http://www.rmsgear.com
0444206a-261f-4f0e-b65c-1425aba91feb	https://thespotarchery.com
bc0f7623-4967-452c-a753-a8af3da0d484	https://www.3riversarchery.com/
760b73df-ba4a-4868-9216-da50221c769e	http://www.villagesarcheryclub.com
6ba8aebe-6fa5-42b8-b359-23dbcc0bc3f1	http://www.thomastwp.org
745304a3-5032-4eab-b574-ef0a8e5db776	http://Www.thunderstruck.usarchery.org
3ea6b4cb-e00d-41c4-a7da-ae30a9386b19	https://thunderstruckarchery.net/
446bd0df-7063-4a89-aef7-c2eaa330191b	https://tiyogi.com/
3f7ea51e-d2ca-4fe5-9355-e99d80fac409	https://tigermountaincenter.org
8aa741f8-2edd-4684-8678-17abed45f988	http://www.timparchers.com/
887005ed-ac74-4521-9c0a-39d696697d27	http://www.teamtma.com
c52846f7-6518-480a-8505-3db93a85f1b0	https://www.timbermesaoutdoors.com
684bad70-43da-4c22-a05e-c3f9f37fec8b	https://timpanogosarchers.com/
d0b8bc44-d503-4005-87ad-ec83512ed814	http://Titan.usarchery.org
0859b833-6fd7-49f3-96b1-88886bc950d5	http://topnockarchery.com/
cd350361-eada-4d06-a97f-b523f0910021	http://www.townofnashville.com
e50c711d-3430-4dfa-86fa-27f2e48e91a2	https://www.trgc.club/
87703ecd-a27d-47e7-9f5f-6b8f5fbc5e81	https://traditionalarchersofca.com
e2354f8b-95b7-4b8f-9598-782c120a0469	https://www.traditionalarchersofalaska.com/
55cc7e31-b0a5-4d66-9fe1-91182b167b74	https://traditionalarchersofca.com
b29e90f0-e544-4140-baca-06b2e1fa743c	http://www.idahoarchery.com/tvb
4c3d32b1-9a37-401c-becc-d1481adb73c6	https://tcbowmen.wixsite.com/tcbowmen
69f33c73-2181-48c6-be8b-aa43c06b5f21	http://tridentarchery.com
e9c69642-6c7e-4a93-a330-6b1f164f8fed	https://triplecarchery.com/
d420ad73-fb51-4c8f-ba6c-d6488d5652f9	http://tripleedgeusa.com
fe65bae3-56fe-43e9-a55f-49ef8a1aff4d	https://trosperarchery55645023.wordpress.com/
e16759f9-7fdd-4532-a0fb-b2e7489953ce	https://www.tcbc.com/
d56ec3ac-4e85-4aa1-958b-2256f08721af	https://truesportsmanclub.org
2acee6e6-7c7e-4cfc-84d5-d08112a4b5f5	https://www.pima.gov/Archery
fac27963-26bd-450a-a614-ec9f0b83d566	http://tulsaarcheryassoc.org/
1c58716d-9c2b-4354-99f1-7bb92df1a6fe	https://tunnelhillarcheryclub.yolasite.com
